"('workclass', 'workclass')","('education', 'education')","('fnlwgt', 'fnlwgt')","('marital_status', 'marital_status')","('occupation', 'occupation')","('education_num', 'education_num')","('capital_gain', 'capital_gain')","('capital_loss', 'capital_loss')","('hours_per_week', 'hours_per_week')","('workclass', 'occupation')","('workclass', 'hours_per_week')","('workclass', 'capital_gain')","('education', 'workclass')","('capital_gain', 'capital_loss')","('hours_per_week', 'occupation')"
-0.6252633875648063,2.7959190036518824,-12.00768655311836,20.05704219050365,-34.87480364690289,38.075220254372056,22.43682460457857,-2.996419002088317,14.947008138236548,20.885168212003062,-27.991836026490006,3.2153843960151973,-42.96189575887079,-4.871914912163595,-25.25590109037814
-15.958746059078363,-0.7121106617017421,26.9580791738631,40.994771575521725,36.8946094110454,-4.996154758525705,-15.773904336100879,-16.041449243461983,-39.20953919289206,-49.067886275480255,-19.473493628959442,19.0062336023606,1.1518830747560482,-31.21745692163613,-10.188580059737015
13.158718975411078,-25.157320453778084,-13.834546997336643,-9.955017286458204,34.99633515664867,31.99501359834746,-44.95315650570635,42.680009293564865,29.226870979933178,-24.12160886091675,47.083084330713916,15.621131002912657,8.14758651808169,21.98704457608111,10.162801444062108
13.15219916066364,-25.1820656381481,-14.012071160188889,-9.917551253286248,34.96819039449084,32.09284499056868,-44.89647281363079,42.66035909032941,29.262639814021295,-24.11303981417224,47.058084016706964,15.67462375087133,8.062818440584351,21.99259782551019,10.173553160382914
