user_idx,recourse,cost,elicitation
0,1,1.0,0
1,1,1.0,0
2,1,1.2488889632353832,0
3,0,576.8495688825145,0
