user_idx,recourse,cost,elicitation
0,1,1.0,0
1,1,7.911298448536289,0
2,1,91.69971599153442,1
3,0,50.68252430434096,0
4,1,2.0152080990349353,0
5,1,2.1355862721752317,0
6,0,18.389522409508462,1
7,1,1.0,0
